Workbook

Sheet Dashboard
A1: Sakura Ananda Resort — Management Dashboard
A3: Dashboard Date | B3: =TODAY()
A5: Available Rooms | C5: Pending | E5: Confirmed | G5: Checked-in | J5: Status | K5: Count
A6: =COUNTIF('Room Occupancy'!D6:D9,"AVAILABLE") | C6: =COUNTIF(Reservations!P4:P503,"Pending") | E6: =COUNTIF(Reservations!P4:P503,"Confirmed") | G6: =COUNTIF(Reservations!P4:P503,"Checked-in") | J6: Pending | K6: =COUNTIF(Reservations!P4:P503,J6)
J7: Confirmed | K7: =COUNTIF(Reservations!P4:P503,J7)
J8: Checked-in | K8: =COUNTIF(Reservations!P4:P503,J8)
A9: Checked-out | C9: Cancelled | E9: Today's Arrivals | G9: Today's Departures | J9: Checked-out | K9: =COUNTIF(Reservations!P4:P503,J9)
A10: =COUNTIF(Reservations!P4:P503,"Checked-out") | C10: =COUNTIF(Reservations!P4:P503,"Cancelled") | E10: =COUNTIFS(Reservations!F4:F503,$B$3,Reservations!P4:P503,"<>Cancelled") | G10: =COUNTIFS(Reservations!G4:G503,$B$3,Reservations!P4:P503,"<>Cancelled") | J10: Cancelled | K10: =COUNTIF(Reservations!P4:P503,J10)
A14: Room Occupancy Today | F14: Financial Snapshot
A15: Room | B15: Status | C15: Guest | D15: Check-out | F15: Room Revenue | G15: =SUM(Reservations!K4:K503)
A16: ='Room Occupancy'!A6 | B16: ='Room Occupancy'!D6 | C16: ='Room Occupancy'!E6 | D16: ='Room Occupancy'!H6 | F16: Deposits Collected | G16: =SUM(Reservations!L4:L503)
A17: ='Room Occupancy'!A7 | B17: ='Room Occupancy'!D7 | C17: ='Room Occupancy'!E7 | D17: ='Room Occupancy'!H7 | F17: Outstanding Balance | G17: =SUM(Reservations!M4:M503)
A18: ='Room Occupancy'!A8 | B18: ='Room Occupancy'!D8 | C18: ='Room Occupancy'!E8 | D18: ='Room Occupancy'!H8
A19: ='Room Occupancy'!A9 | B19: ='Room Occupancy'!D9 | C19: ='Room Occupancy'!E9 | D19: ='Room Occupancy'!H9
A22: Daily Operations
A23: Open Daily View → | B23: Change the date in Daily View!B3 to see arrivals and departures.
A27: Workflow
A28: 1) Website writes reservations to Supabase.
A29: 2) Supabase webhook sends the reservation to Google Apps Script.
A30: 3) Apps Script writes/syncs the row to this sheet and emails the guest.
A31: 4) Staff changes Status here; the dashboard updates automatically.
A32: 5) Room Occupancy and Daily View update from the reservation dates/status.

Sheet Settings
A1: Sakura Ananda Resort — Settings
A3: Rooms | G3: Status List
G4: Pending
A5: Room ID | B5: Room Name | C5: Rate / Night | D5: Capacity | E5: Active | G5: Confirmed
A6: R1 | B6: Room 1 | C6: 2500 | D6: 2 | E6: YES | G6: Checked-in
A7: R2 | B7: Room 2 | C7: 2500 | D7: 2 | E7: YES | G7: Checked-out
A8: R3 | B8: Room 3 | C8: 3000 | D8: 4 | E8: YES | G8: Cancelled
A9: R4 | B9: Room 4 | C9: 3500 | D9: 4 | E9: YES

Sheet Reservations
A1: Reservations
A3: Booking ID | B3: Guest Name | C3: Email | D3: Mobile | E3: Room | F3: Check-in | G3: Check-out | H3: Guests | I3: Rate/Night | J3: Nights | K3: Room Total | L3: Deposit | M3: Balance | N3: Payment Method | O3: Payment Ref | P3: Status | Q3: Special Requests | R3: Created At | S3: Email Sent
J4: =IF(OR(F4="",G4=""),"",MAX(0,G4-F4)) | K4: =IF(OR(I4="",J4=""),"",I4*J4) | M4: =IF(K4="","",MAX(0,K4-IF(L4="",0,L4))) | S4: =IF(A4="","",IF(COUNTIF('Email Log'!B:B,A4)>0,"YES","NO"))
J5: =IF(OR(F5="",G5=""),"",MAX(0,G5-F5)) | K5: =IF(OR(I5="",J5=""),"",I5*J5) | M5: =IF(K5="","",MAX(0,K5-IF(L5="",0,L5))) | S5: =IF(A5="","",IF(COUNTIF('Email Log'!B:B,A5)>0,"YES","NO"))
J6: =IF(OR(F6="",G6=""),"",MAX(0,G6-F6)) | K6: =IF(OR(I6="",J6=""),"",I6*J6) | M6: =IF(K6="","",MAX(0,K6-IF(L6="",0,L6))) | S6: =IF(A6="","",IF(COUNTIF('Email Log'!B:B,A6)>0,"YES","NO"))
J7: =IF(OR(F7="",G7=""),"",MAX(0,G7-F7)) | K7: =IF(OR(I7="",J7=""),"",I7*J7) | M7: =IF(K7="","",MAX(0,K7-IF(L7="",0,L7))) | S7: =IF(A7="","",IF(COUNTIF('Email Log'!B:B,A7)>0,"YES","NO"))
J8: =IF(OR(F8="",G8=""),"",MAX(0,G8-F8)) | K8: =IF(OR(I8="",J8=""),"",I8*J8) | M8: =IF(K8="","",MAX(0,K8-IF(L8="",0,L8))) | S8: =IF(A8="","",IF(COUNTIF('Email Log'!B:B,A8)>0,"YES","NO"))
J9: =IF(OR(F9="",G9=""),"",MAX(0,G9-F9)) | K9: =IF(OR(I9="",J9=""),"",I9*J9) | M9: =IF(K9="","",MAX(0,K9-IF(L9="",0,L9))) | S9: =IF(A9="","",IF(COUNTIF('Email Log'!B:B,A9)>0,"YES","NO"))
J10: =IF(OR(F10="",G10=""),"",MAX(0,G10-F10)) | K10: =IF(OR(I10="",J10=""),"",I10*J10) | M10: =IF(K10="","",MAX(0,K10-IF(L10="",0,L10))) | S10: =IF(A10="","",IF(COUNTIF('Email Log'!B:B,A10)>0,"YES","NO"))
J11: =IF(OR(F11="",G11=""),"",MAX(0,G11-F11)) | K11: =IF(OR(I11="",J11=""),"",I11*J11) | M11: =IF(K11="","",MAX(0,K11-IF(L11="",0,L11))) | S11: =IF(A11="","",IF(COUNTIF('Email Log'!B:B,A11)>0,"YES","NO"))
J12: =IF(OR(F12="",G12=""),"",MAX(0,G12-F12)) | K12: =IF(OR(I12="",J12=""),"",I12*J12) | M12: =IF(K12="","",MAX(0,K12-IF(L12="",0,L12))) | S12: =IF(A12="","",IF(COUNTIF('Email Log'!B:B,A12)>0,"YES","NO"))
J13: =IF(OR(F13="",G13=""),"",MAX(0,G13-F13)) | K13: =IF(OR(I13="",J13=""),"",I13*J13) | M13: =IF(K13="","",MAX(0,K13-IF(L13="",0,L13))) | S13: =IF(A13="","",IF(COUNTIF('Email Log'!B:B,A13)>0,"YES","NO"))
J14: =IF(OR(F14="",G14=""),"",MAX(0,G14-F14)) | K14: =IF(OR(I14="",J14=""),"",I14*J14) | M14: =IF(K14="","",MAX(0,K14-IF(L14="",0,L14))) | S14: =IF(A14="","",IF(COUNTIF('Email Log'!B:B,A14)>0,"YES","NO"))
J15: =IF(OR(F15="",G15=""),"",MAX(0,G15-F15)) | K15: =IF(OR(I15="",J15=""),"",I15*J15) | M15: =IF(K15="","",MAX(0,K15-IF(L15="",0,L15))) | S15: =IF(A15="","",IF(COUNTIF('Email Log'!B:B,A15)>0,"YES","NO"))
... J503: =IF(OR(F503="",G503=""),"",MAX(0,G503-F503)) | K503: =IF(OR(I503="",J503=""),"",I503*J503) | M503: =IF(K503="","",MAX(0,K503-IF(L503="",0,L503))) | S503: =IF(A503="","",IF(COUNTIF('Email Log'!B:B,A503)>0,"YES","NO"))

Sheet Email Log
A1: Email Log
A3: Timestamp | B3: Booking ID | C3: Event | D3: Recipient | E3: Subject | F3: Result | G3: Error

Sheet Daily View
A1: Daily Arrivals & Departures
A3: Selected Date | B3: =TODAY() | D3: Tip | E3: Change B3 to any date to see arrivals/departures.
A5: ARRIVALS
A6: Booking ID | B6: Guest | C6: Room | D6: Check-in | E6: Guests | F6: Status | G6: Balance
A7: =IFERROR(FILTER({Reservations!A4:A503,Reservations!B4:B503,Reservations!E4:E503,Reservations!F4:F503,Reservations!H4:H503,Reservations!P4:P503,Reservations!M4:M503},Reservations!F4:F503=$B$3,Reservations!P4:P503<>"Cancelled"),"No arrivals")
A25: DEPARTURES
A26: Booking ID | B26: Guest | C26: Room | D26: Check-in | E26: Guests | F26: Status | G26: Balance
A27: =IFERROR(FILTER({Reservations!A4:A503,Reservations!B4:B503,Reservations!E4:E503,Reservations!G4:G503,Reservations!H4:H503,Reservations!P4:P503,Reservations!M4:M503},Reservations!G4:G503=$B$3,Reservations!P4:P503<>"Cancelled"),"No departures")

Sheet Room Occupancy
A1: Room Occupancy
A3: Occupancy Date | B3: =TODAY()
A5: Room | B5: Rate/Night | C5: Capacity | D5: Occupancy | E5: Guest | F5: Booking ID | G5: Check-in | H5: Check-out | I5: Balance | J5: Room Status
A6: =Settings!B6 | B6: =Settings!C6 | C6: =Settings!D6 | D6: =IF(COUNTIFS(Reservations!$E$4:$E$503,A6,Reservations!$F$4:$F$503,"<="&$B$3,Reservations!$G$4:$G$503,">"&$B$3,Reservations!$P$4:$P$503,"<>Cancelled",Reservations!$P$4:$P$503,"<>Checked-out")>0,"OCCUPIED","AVAILABLE") | E6: =IFERROR(INDEX(Reservations!$B$4:$B$503,MATCH(1,(Reservations!$E$4:$E$503=A6)*(Reservations!$F$4:$F$503<=$B$3)*(Reservations!$G$4:$G$503>$B$3)*(Reservations!$P$4:$P$503<>"Cancelled")*(Reservations!$P$4:$P$503<>"Checked-out"),0)),"") | F6: =IFERROR(INDEX(Reservations!$A$4:$A$503,MATCH(1,(Reservations!$E$4:$E$503=A6)*(Reservations!$F$4:$F$503<=$B$3)*(Reservations!$G$4:$G$503>$B$3)*(Reservations!$P$4:$P$503<>"Cancelled")*(Reservations!$P$4:$P$503<>"Checked-out"),0)),"") | G6: =IFERROR(INDEX(Reservations!$F$4:$F$503,MATCH(1,(Reservations!$E$4:$E$503=A6)*(Reservations!$F$4:$F$503<=$B$3)*(Reservations!$G$4:$G$503>$B$3)*(Reservations!$P$4:$P$503<>"Cancelled")*(Reservations!$P$4:$P$503<>"Checked-out"),0)),"") | H6: =IFERROR(INDEX(Reservations!$G$4:$G$503,MATCH(1,(Reservations!$E$4:$E$503=A6)*(Reservations!$F$4:$F$503<=$B$3)*(Reservations!$G$4:$G$503>$B$3)*(Reservations!$P$4:$P$503<>"Cancelled")*(Reservations!$P$4:$P$503<>"Checked-out"),0)),"") | I6: =IFERROR(INDEX(Reservations!$M$4:$M$503,MATCH(1,(Reservations!$E$4:$E$503=A6)*(Reservations!$F$4:$F$503<=$B$3)*(Reservations!$G$4:$G$503>$B$3)*(Reservations!$P$4:$P$503<>"Cancelled")*(Reservations!$P$4:$P$503<>"Checked-out"),0)),"") | J6: =IF(D6="OCCUPIED","Occupied","Available")
A7: =Settings!B7 | B7: =Settings!C7 | C7: =Settings!D7 | D7: =IF(COUNTIFS(Reservations!$E$4:$E$503,A7,Reservations!$F$4:$F$503,"<="&$B$3,Reservations!$G$4:$G$503,">"&$B$3,Reservations!$P$4:$P$503,"<>Cancelled",Reservations!$P$4:$P$503,"<>Checked-out")>0,"OCCUPIED","AVAILABLE") | E7: =IFERROR(INDEX(Reservations!$B$4:$B$503,MATCH(1,(Reservations!$E$4:$E$503=A7)*(Reservations!$F$4:$F$503<=$B$3)*(Reservations!$G$4:$G$503>$B$3)*(Reservations!$P$4:$P$503<>"Cancelled")*(Reservations!$P$4:$P$503<>"Checked-out"),0)),"") | F7: =IFERROR(INDEX(Reservations!$A$4:$A$503,MATCH(1,(Reservations!$E$4:$E$503=A7)*(Reservations!$F$4:$F$503<=$B$3)*(Reservations!$G$4:$G$503>$B$3)*(Reservations!$P$4:$P$503<>"Cancelled")*(Reservations!$P$4:$P$503<>"Checked-out"),0)),"") | G7: =IFERROR(INDEX(Reservations!$F$4:$F$503,MATCH(1,(Reservations!$E$4:$E$503=A7)*(Reservations!$F$4:$F$503<=$B$3)*(Reservations!$G$4:$G$503>$B$3)*(Reservations!$P$4:$P$503<>"Cancelled")*(Reservations!$P$4:$P$503<>"Checked-out"),0)),"") | H7: =IFERROR(INDEX(Reservations!$G$4:$G$503,MATCH(1,(Reservations!$E$4:$E$503=A7)*(Reservations!$F$4:$F$503<=$B$3)*(Reservations!$G$4:$G$503>$B$3)*(Reservations!$P$4:$P$503<>"Cancelled")*(Reservations!$P$4:$P$503<>"Checked-out"),0)),"") | I7: =IFERROR(INDEX(Reservations!$M$4:$M$503,MATCH(1,(Reservations!$E$4:$E$503=A7)*(Reservations!$F$4:$F$503<=$B$3)*(Reservations!$G$4:$G$503>$B$3)*(Reservations!$P$4:$P$503<>"Cancelled")*(Reservations!$P$4:$P$503<>"Checked-out"),0)),"") | J7: =IF(D7="OCCUPIED","Occupied","Available")
A8: =Settings!B8 | B8: =Settings!C8 | C8: =Settings!D8 | D8: =IF(COUNTIFS(Reservations!$E$4:$E$503,A8,Reservations!$F$4:$F$503,"<="&$B$3,Reservations!$G$4:$G$503,">"&$B$3,Reservations!$P$4:$P$503,"<>Cancelled",Reservations!$P$4:$P$503,"<>Checked-out")>0,"OCCUPIED","AVAILABLE") | E8: =IFERROR(INDEX(Reservations!$B$4:$B$503,MATCH(1,(Reservations!$E$4:$E$503=A8)*(Reservations!$F$4:$F$503<=$B$3)*(Reservations!$G$4:$G$503>$B$3)*(Reservations!$P$4:$P$503<>"Cancelled")*(Reservations!$P$4:$P$503<>"Checked-out"),0)),"") | F8: =IFERROR(INDEX(Reservations!$A$4:$A$503,MATCH(1,(Reservations!$E$4:$E$503=A8)*(Reservations!$F$4:$F$503<=$B$3)*(Reservations!$G$4:$G$503>$B$3)*(Reservations!$P$4:$P$503<>"Cancelled")*(Reservations!$P$4:$P$503<>"Checked-out"),0)),"") | G8: =IFERROR(INDEX(Reservations!$F$4:$F$503,MATCH(1,(Reservations!$E$4:$E$503=A8)*(Reservations!$F$4:$F$503<=$B$3)*(Reservations!$G$4:$G$503>$B$3)*(Reservations!$P$4:$P$503<>"Cancelled")*(Reservations!$P$4:$P$503<>"Checked-out"),0)),"") | H8: =IFERROR(INDEX(Reservations!$G$4:$G$503,MATCH(1,(Reservations!$E$4:$E$503=A8)*(Reservations!$F$4:$F$503<=$B$3)*(Reservations!$G$4:$G$503>$B$3)*(Reservations!$P$4:$P$503<>"Cancelled")*(Reservations!$P$4:$P$503<>"Checked-out"),0)),"") | I8: =IFERROR(INDEX(Reservations!$M$4:$M$503,MATCH(1,(Reservations!$E$4:$E$503=A8)*(Reservations!$F$4:$F$503<=$B$3)*(Reservations!$G$4:$G$503>$B$3)*(Reservations!$P$4:$P$503<>"Cancelled")*(Reservations!$P$4:$P$503<>"Checked-out"),0)),"") | J8: =IF(D8="OCCUPIED","Occupied","Available")
A9: =Settings!B9 | B9: =Settings!C9 | C9: =Settings!D9 | D9: =IF(COUNTIFS(Reservations!$E$4:$E$503,A9,Reservations!$F$4:$F$503,"<="&$B$3,Reservations!$G$4:$G$503,">"&$B$3,Reservations!$P$4:$P$503,"<>Cancelled",Reservations!$P$4:$P$503,"<>Checked-out")>0,"OCCUPIED","AVAILABLE") | E9: =IFERROR(INDEX(Reservations!$B$4:$B$503,MATCH(1,(Reservations!$E$4:$E$503=A9)*(Reservations!$F$4:$F$503<=$B$3)*(Reservations!$G$4:$G$503>$B$3)*(Reservations!$P$4:$P$503<>"Cancelled")*(Reservations!$P$4:$P$503<>"Checked-out"),0)),"") | F9: =IFERROR(INDEX(Reservations!$A$4:$A$503,MATCH(1,(Reservations!$E$4:$E$503=A9)*(Reservations!$F$4:$F$503<=$B$3)*(Reservations!$G$4:$G$503>$B$3)*(Reservations!$P$4:$P$503<>"Cancelled")*(Reservations!$P$4:$P$503<>"Checked-out"),0)),"") | G9: =IFERROR(INDEX(Reservations!$F$4:$F$503,MATCH(1,(Reservations!$E$4:$E$503=A9)*(Reservations!$F$4:$F$503<=$B$3)*(Reservations!$G$4:$G$503>$B$3)*(Reservations!$P$4:$P$503<>"Cancelled")*(Reservations!$P$4:$P$503<>"Checked-out"),0)),"") | H9: =IFERROR(INDEX(Reservations!$G$4:$G$503,MATCH(1,(Reservations!$E$4:$E$503=A9)*(Reservations!$F$4:$F$503<=$B$3)*(Reservations!$G$4:$G$503>$B$3)*(Reservations!$P$4:$P$503<>"Cancelled")*(Reservations!$P$4:$P$503<>"Checked-out"),0)),"") | I9: =IFERROR(INDEX(Reservations!$M$4:$M$503,MATCH(1,(Reservations!$E$4:$E$503=A9)*(Reservations!$F$4:$F$503<=$B$3)*(Reservations!$G$4:$G$503>$B$3)*(Reservations!$P$4:$P$503<>"Cancelled")*(Reservations!$P$4:$P$503<>"Checked-out"),0)),"") | J9: =IF(D9="OCCUPIED","Occupied","Available")
